gender,name_title,name_first,name_last,location_street_number,location_street_name,location_city,location_state,location_country,location_postcode,location_coordinates_latitude,location_coordinates_longitude,location_timezone_offset,location_timezone_description,email,login_uuid,login_username,login_password,login_salt,login_md5,login_sha1,login_sha256,dob_date,dob_age,registered_date,registered_age,phone,cell,id_name,id_value,picture_large,picture_medium,picture_thumbnail,nat
male,Mr,Necati,Bethke,3140,Rosenweg,Aub,Sachsen-Anhalt,Germany,21062,-48.3478,-117.8596,-6:00,"Central Time (US & Canada), Mexico City",necati.bethke@example.com,b035c0d1-8019-4f10-9267-718b00816e9a,happyladybug497,brains,FafJ0fbZ,84772f799890b392b3fbe85dcb9d401a,0e2fb28293dbfc0bcefcb72649ec937b7c7bc0d8,713fef220e679d9889b8f98153d0d1f52538249c71a756dba4b76d1f9971ee56,1949-06-21T05:50:05.635Z,76,2012-11-06T10:17:14.436Z,13,0005-0495667,0170-1346040,SVNR,56 210649 B 497,https://randomuser.me/api/portraits/men/73.jpg,https://randomuser.me/api/portraits/med/men/73.jpg,https://randomuser.me/api/portraits/thumb/men/73.jpg,DE
male,Mr,Reginald,Hicks,6263,York Road,Tralee,Donegal,Ireland,62276,22.1896,99.0115,+8:00,"Beijing, Perth, Singapore, Hong Kong",reginald.hicks@example.com,02569170-9fb7-46c6-9afe-292df40da6ba,redmouse272,reflex,j28sa1Nz,59a9f97f969c73275c26b0c338140bb9,4c63ef887be3de4ee54c6137733c81d600a8b847,eb688bf3fb5fa9741cbfbaadbcf7df6f5e567aae494bbf84583473ae04899e6f,1954-03-25T03:02:45.297Z,71,2012-12-29T10:14:47.036Z,13,061-672-1222,081-376-3454,PPS,9681158T,https://randomuser.me/api/portraits/men/64.jpg,https://randomuser.me/api/portraits/med/men/64.jpg,https://randomuser.me/api/portraits/thumb/men/64.jpg,IE
female,Ms,Miriam,Payne,2266,Photinia Ave,Coffs Harbour,Northern Territory,Australia,6716,25.1716,-111.1934,+7:00,"Bangkok, Hanoi, Jakarta",miriam.payne@example.com,28ac9c41-3435-4ca5-a86e-bd128e0bbaac,organicbird933,birdman,6wX9sqg1,25d183f5579e33035775c097aa1dd7be,5469980738a7f5d3c10bc1135a4463b071da3b33,0297567ba0ec004fc81ff6f6bb0bb5108c128be54338944b5377037edaa68be6,1961-02-23T08:19:14.088Z,64,2013-05-28T07:50:25.136Z,12,07-6621-6201,0411-775-314,TFN,352177099,https://randomuser.me/api/portraits/women/41.jpg,https://randomuser.me/api/portraits/med/women/41.jpg,https://randomuser.me/api/portraits/thumb/women/41.jpg,AU
female,Miss,Thea,Li,8531,Ponsonby Road,Invercargill,Taranaki,New Zealand,57579,-49.2203,42.6093,-12:00,"Eniwetok, Kwajalein",thea.li@example.com,451e5cf4-41d2-490e-886c-aa41940222bb,goldenpanda833,444444,JDDKsCMY,3198f8c62d516c2db5fd99f679958024,54474814976f9befc0bc170bd41bfdc4d2ee117b,d72eda091c8f2cde6a27a1e792ef16ab4369433adc24238bc664bdcb333a8452,1946-02-18T11:40:03.166Z,79,2007-06-03T00:01:56.577Z,18,(809)-797-6105,(917)-558-4950,,,https://randomuser.me/api/portraits/women/8.jpg,https://randomuser.me/api/portraits/med/women/8.jpg,https://randomuser.me/api/portraits/thumb/women/8.jpg,NZ
female,Miss,Viktorija,Stojanović,327,Sarićeva,Babušnica,Mačva,Serbia,98139,7.9825,-64.1708,0:00,"Western Europe Time, London, Lisbon, Casablanca",viktorija.stojanovic@example.com,275942bb-1ffa-4cdf-b40d-a5b89779479d,brownfrog523,johngalt,lDzcu8dF,b27e1f96200bd6bb254fdd3524108895,c1369ce44ffae05a98b834cf74eab59e86cdf990,150a755885a3dbc9d8b6992dff82421c486fe38c85250f23723b5eb0475cf9a4,1961-03-16T23:58:58.470Z,64,2016-03-29T11:50:14.069Z,9,014-8447-340,068-4384-175,SID,340757859,https://randomuser.me/api/portraits/women/79.jpg,https://randomuser.me/api/portraits/med/women/79.jpg,https://randomuser.me/api/portraits/thumb/women/79.jpg,RS
male,Mr,Janai,Dias,8823,Rua Vinte E Um,Votorantim,Maranhão,Brazil,36681,-81.6954,-55.3026,+7:00,"Bangkok, Hanoi, Jakarta",janai.dias@example.com,bd041d0f-beb9-4208-a2b8-8d6f80deec17,smallswan297,gggggggg,fJ56hR9v,bdb0cfa0f150be5ffc369a7c43ea702a,8cd13f237f5152772989415de0e35f7754dd2a11,d82428b50ac1e6f4e9ff41cc264301922330c0b7817638cd7b91731814d6652c,1983-10-01T15:33:10.445Z,42,2016-05-07T04:26:46.985Z,9,(56) 6274-3258,(68) 5223-5056,CPF,528.950.117-22,https://randomuser.me/api/portraits/men/8.jpg,https://randomuser.me/api/portraits/med/men/8.jpg,https://randomuser.me/api/portraits/thumb/men/8.jpg,BR
female,Miss,Julia,Ellis,3212,Patrick Street,Carrigtwohill,Cork,Ireland,25559,-84.1247,90.8061,+5:00,"Ekaterinburg, Islamabad, Karachi, Tashkent",julia.ellis@example.com,04f27605-f087-4357-8bd3-6d67c670d64d,heavylion458,chiefs,uoWtFCYq,d0a36a249d4ce961d6e00085b714a77c,b3fee5d395cfe7b5184f0edb6466ee4f638925ac,6781beaac6e3ad76d806bf6ac4b8e083eaa0f0e833c1081a418d3ef9e23a1c2d,1968-02-17T00:10:42.509Z,57,2016-07-09T06:52:06.867Z,9,021-389-5996,081-475-8892,PPS,2782422T,https://randomuser.me/api/portraits/women/88.jpg,https://randomuser.me/api/portraits/med/women/88.jpg,https://randomuser.me/api/portraits/thumb/women/88.jpg,IE
male,Mr,Ray,Wilson,914,Alexander Road,Glasgow,County Tyrone,United Kingdom,TY8 1EB,-6.8242,-111.0320,+8:00,"Beijing, Perth, Singapore, Hong Kong",ray.wilson@example.com,b8560c9b-d9e1-4786-8eff-5419ee1bf56c,organicleopard302,mitchell,ILCUh9sU,05dc9a028effe4bf15532193f72d2e0f,5948444e19f4c84f12b11e1aba4e9199df967584,b99c130c2a816840b6b3da12b0daeb42abf3866f299c01c9b83cf1e93ab16974,1983-01-20T02:20:02.565Z,42,2013-05-02T23:02:33.789Z,12,019467 49071,07543 596075,NINO,AX 93 49 55 U,https://randomuser.me/api/portraits/men/10.jpg,https://randomuser.me/api/portraits/med/men/10.jpg,https://randomuser.me/api/portraits/thumb/men/10.jpg,GB
female,Ms,Viivi,Kallio,5623,Hermiankatu,Ylitornio,Finland Proper,Finland,81954,64.0772,-100.9010,+6:00,"Almaty, Dhaka, Colombo",viivi.kallio@example.com,bb19aa4c-6548-4eac-9434-819a83df9122,angrypeacock998,pacino,rCZqUV2G,216cdabc5e0e9ef64b02c0a20cba4f8f,770c77b9d006878df282d9b1948f9b2ab32f2545,8873ee1f5a5a625baa3328bd6cc3e7167b55855e97c161059e5393d59861ae1c,1950-03-28T11:39:12.925Z,75,2003-03-30T12:39:36.180Z,22,07-681-064,046-807-94-34,HETU,NaNNA982undefined,https://randomuser.me/api/portraits/women/60.jpg,https://randomuser.me/api/portraits/med/women/60.jpg,https://randomuser.me/api/portraits/thumb/women/60.jpg,FI
male,Mr,Alfredo,Orta,1762,Ampliación Sur Carrera,Huixtla,Hidalgo,Mexico,79951,36.0916,-97.0382,+9:30,"Adelaide, Darwin",alfredo.orta@example.com,37f733b5-a312-453c-887d-436966be45ef,purplepeacock423,damage,NmkAVHoq,cf39a898003cf0dd49c9686fcf523366,24fc571bb518a2c3232dcc874bec4ce387becfd1,7a3be2c208d7dd4b8bf4479925242b52edfc69b4c43475d254e81dabedea8b5f,1952-04-25T14:31:27.461Z,73,2016-10-04T02:30:30.790Z,9,(641) 258 3635,(640) 594 6185,NSS,73 12 47 0520 8,https://randomuser.me/api/portraits/men/40.jpg,https://randomuser.me/api/portraits/med/men/40.jpg,https://randomuser.me/api/portraits/thumb/men/40.jpg,MX
female,Ms,Afşar,Kahveci,1621,Bağdat Cd,Tokat,Şanlıurfa,Turkey,41552,9.8333,146.9258,+10:00,"Eastern Australia, Guam, Vladivostok",afsar.kahveci@example.com,fa7b8def-43cc-4473-875c-fd10539897c1,tinygoose976,dandfa,XHarGARM,ccd218c249ea381ec7c30ab43f77de9c,9da90d3d04c7b85b8ca760a3bdd95a63b16cb8b6,ffc798fc8dd0a98d79d0e360161342a2de5a1d5a12b46143bba81dae08ad0e51,1992-12-12T12:42:41.976Z,33,2005-10-01T12:00:06.057Z,20,(470)-448-8670,(898)-735-8119,,,https://randomuser.me/api/portraits/women/53.jpg,https://randomuser.me/api/portraits/med/women/53.jpg,https://randomuser.me/api/portraits/thumb/women/53.jpg,TR
male,Mr,Lennaert,Mom,3680,Domtorenstraat,Molkwerum,Gelderland,Netherlands,6478 NE,85.0069,-71.9226,-5:00,"Eastern Time (US & Canada), Bogota, Lima",lennaert.mom@example.com,c9983a81-347a-4d99-a587-281bf9eaef9c,organicgorilla216,freeze,uHaaMMzH,2b18fb91b0b0c8aff9f7ee424648279e,adebf1d691f8ba1b04cea010152a2e4aea46ac46,35be08bbc2f29b6a73c16df37908e54bc13d1bcea06bd50e90d7666f3d06c6f4,1953-08-17T16:56:17.738Z,72,2007-11-26T21:14:15.602Z,18,(005) 8131714,(06) 17640319,BSN,66075745,https://randomuser.me/api/portraits/men/55.jpg,https://randomuser.me/api/portraits/med/men/55.jpg,https://randomuser.me/api/portraits/thumb/men/55.jpg,NL
male,Mr,Amarílio,Santos,9208,Rua Um,Salto,Minas Gerais,Brazil,85752,-42.6705,-83.1029,+10:00,"Eastern Australia, Guam, Vladivostok",amarilio.santos@example.com,27e5002f-2051-45f2-a015-0155abcad15b,tinygorilla927,divine,kpTAhk4N,494d9b85441a93a9a4fc7c5b730661f3,6d6b3032d9835b6758477f7a81545be8da3f646a,5a7dbe581422b1c52412ee5b23c8b2aff634f6f147ceb44819b2d4d04890e8f3,1974-08-13T21:14:35.605Z,51,2004-09-13T00:51:25.680Z,21,(21) 2113-2917,(08) 1389-4299,CPF,157.411.014-43,https://randomuser.me/api/portraits/men/64.jpg,https://randomuser.me/api/portraits/med/men/64.jpg,https://randomuser.me/api/portraits/thumb/men/64.jpg,BR
female,Mrs,Lada,Aleksiienko,4082,Akademika Maslova,Voznesenivka,Sumska,Ukraine,98325,-50.8048,116.8938,-10:00,Hawaii,lada.aleksiienko@example.com,50158f72-189f-41cd-86bf-732c75171384,crazylion727,zander,FAPdpnWI,2f252c53d6c47b6ecffa761d10af8c16,8409b3110f19df024014e51932dd529a507f7855,13af6ef13b4471736035810c8b0520f7f09daf5aafbc19729c2199f52d9e1ac9,1996-06-24T06:08:40.858Z,29,2008-04-16T04:26:24.573Z,17,(098) T24-8103,(066) H48-8223,,,https://randomuser.me/api/portraits/women/84.jpg,https://randomuser.me/api/portraits/med/women/84.jpg,https://randomuser.me/api/portraits/thumb/women/84.jpg,UA
male,Mr,Leal,da Paz,7575,Rua Piauí ,Carapicuíba,Ceará,Brazil,31492,-70.7969,-160.0779,+6:00,"Almaty, Dhaka, Colombo",leal.dapaz@example.com,bddf7f0b-264a-4c7f-9e7e-9658fa0c8150,yellowcat139,seeking,c3xd2WuC,35bea7d4da40f8fd493f2c8f51a88e52,b5de8d9c774edf2d5447553fb041ba9ef7676a00,7d459f8ec7b8343c0398ec5202f328284b6297027d6a8aafa400334597e0dbfa,1951-02-14T19:34:54.729Z,74,2005-11-18T00:10:37.428Z,20,(93) 0435-0763,(44) 1517-9615,CPF,822.942.121-63,https://randomuser.me/api/portraits/men/40.jpg,https://randomuser.me/api/portraits/med/men/40.jpg,https://randomuser.me/api/portraits/thumb/men/40.jpg,BR
male,Mr,Martín,Rubio,6632,Calle del Arenal,Orense,Región de Murcia,Spain,27175,-37.1027,-146.1027,-1:00,"Azores, Cape Verde Islands",martin.rubio@example.com,cfd22103-ec69-43da-9c65-06d39dc71863,orangepeacock370,xanadu,ptpd7dzl,a1ede8383b482e312194a816807f712e,63fdaad081d66955d265428098499516ea73113c,c794d906beaa10ae30c029ea7df6844bc7073406e158ab5001816f064ca27f19,1965-11-07T06:03:30.778Z,60,2004-12-11T10:58:53.273Z,21,932-686-209,676-827-404,DNI,16976301-E,https://randomuser.me/api/portraits/men/87.jpg,https://randomuser.me/api/portraits/med/men/87.jpg,https://randomuser.me/api/portraits/thumb/men/87.jpg,ES
male,Mr,Olaf,Burger,409,Rosenstraße,Regensburg,Bayern,Germany,35523,-80.2892,-90.2353,+2:00,"Kaliningrad, South Africa",olaf.burger@example.com,0de57f88-c58f-43dc-83f2-c47d4bcd8a0b,lazysnake275,hogtied,iIszQJcc,ac16469b05fc87f2aa6bca13403299fc,f5d0e995489f718235056edf69bae1d57f940905,862251402b6eb975de82935ecd8c0cf18d764ac937a0697e99afca8cb6b877b9,1979-03-24T07:09:36.557Z,46,2002-11-09T08:54:04.970Z,23,0321-3668244,0175-2265288,SVNR,78 240379 B 057,https://randomuser.me/api/portraits/men/96.jpg,https://randomuser.me/api/portraits/med/men/96.jpg,https://randomuser.me/api/portraits/thumb/men/96.jpg,DE
male,Mr,Renato,Echeverría,8114,Privada Somalia,Otatitlán,Aguascalientes,Mexico,64210,89.6325,-144.5605,+5:30,"Bombay, Calcutta, Madras, New Delhi",renato.echeverria@example.com,09aad209-79e0-4bf7-a7fc-6a41ae2056ca,greenzebra419,coldbeer,sT3W0QWL,14207cee066473525b70b01885dbfb55,35a51cf1993f904957448f935ba6a895139e17ab,e9d92dc32f157f115994c4caee7636b9edd2417599432f0410022546e6264a9a,1967-01-20T20:35:36.391Z,58,2019-12-02T22:33:13.450Z,6,(632) 436 1553,(649) 787 6344,NSS,92 41 19 3694 1,https://randomuser.me/api/portraits/men/19.jpg,https://randomuser.me/api/portraits/med/men/19.jpg,https://randomuser.me/api/portraits/thumb/men/19.jpg,MX
female,Miss,Zlata,Orlić,742,Leskovačka,Subotica,Jablanica,Serbia,63717,-53.2448,-118.2163,+4:30,Kabul,zlata.orlic@example.com,6c8344ac-52b6-4723-8d6a-48709f7a2d9c,orangeduck473,bruno,7taDq8HC,8b7808eeae23a79f239e8b3dca807803,12177bd7339d42de8d5d31275add8ef060b94b28,c6612f58406341e65b018e7a211ce457b198a7e5844afbf5be4649b7f82fdd8b,1944-11-07T12:51:43.399Z,81,2017-06-22T11:57:18.147Z,8,018-1062-980,061-8233-966,SID,957015621,https://randomuser.me/api/portraits/women/64.jpg,https://randomuser.me/api/portraits/med/women/64.jpg,https://randomuser.me/api/portraits/thumb/women/64.jpg,RS
female,Miss,Pramitha,Saldanha,2577,Mall Rd,Ambattur,Assam,India,47235,-32.1764,-109.2449,+10:00,"Eastern Australia, Guam, Vladivostok",pramitha.saldanha@example.com,47b0940d-ea17-4de2-9bc5-c80486b94e5f,sadfrog451,katrina,stKzfhfq,5fbcf6aa927134006fb17670efe8c372,c31ddb246de787d6a6a7b866ca7511492d72fdf1,455584ab7468eb1283d0673ddc0e89b43568111f2120625428ff9380d0054156,1967-06-12T00:18:02.929Z,58,2021-04-14T08:09:18.568Z,4,9305821009,7967461474,UIDAI,672258583272,https://randomuser.me/api/portraits/women/96.jpg,https://randomuser.me/api/portraits/med/women/96.jpg,https://randomuser.me/api/portraits/thumb/women/96.jpg,IN
male,Mr,Clinton,Ramos,2973,Edwards Rd,Mackay,Victoria,Australia,4235,63.1748,-116.9634,+7:00,"Bangkok, Hanoi, Jakarta",clinton.ramos@example.com,87b077ee-ac0d-4fdc-a9d2-2fa387456849,orangepeacock684,bonkers,AeQKO7S5,c9af9e9de205bb6de55d3c3b47f35f70,e6442fbdb53b3769d334bea51e629c0b6122adcc,83a5daba8b2f0261fa4723ca9e9f16c47d261daabaa535a91abf9fb6e3eff7a2,1956-12-05T15:44:03.754Z,69,2012-07-22T04:15:03.792Z,13,05-2192-6112,0468-405-916,TFN,671608484,https://randomuser.me/api/portraits/men/79.jpg,https://randomuser.me/api/portraits/med/men/79.jpg,https://randomuser.me/api/portraits/thumb/men/79.jpg,AU
male,Mr,Leon,Lucas,3416,Kings Road,Ely,Kent,United Kingdom,R6 5FG,-31.6133,12.2551,+3:00,"Baghdad, Riyadh, Moscow, St. Petersburg",leon.lucas@example.com,00996859-6224-4808-9353-b37d1f11639e,yellowpanda578,cheese1,xiNNrUeo,ac9a0bc6fbfc1b301b28c75ab9396056,d0184c7708c2182e356010df93bf7f8002ab3a48,836a93f69af7b051040f466d5f1a20670b8a4e9fd281606e234a6c075b966397,1951-03-04T16:31:29.729Z,74,2005-03-23T05:33:42.623Z,20,019467 96615,07239 845459,NINO,YY 14 88 63 O,https://randomuser.me/api/portraits/men/72.jpg,https://randomuser.me/api/portraits/med/men/72.jpg,https://randomuser.me/api/portraits/thumb/men/72.jpg,GB
male,Mr,Jesus,Rojas,917,Calle de Ferraz,Vigo,Canarias,Spain,64743,-5.1989,-140.4978,+9:00,"Tokyo, Seoul, Osaka, Sapporo, Yakutsk",jesus.rojas@example.com,cb7143f9-b0b9-4b78-96cd-82161efeec7d,smalldog202,metallica,KK59JTpu,5bc1c7474147b497c206cc707ce8a2f1,76fb15047e4e9165336a2650a6b9bc7e6b9b8db8,5e13b23af359e12d4dc7c5ec9def05a5f6cf6dfb58162acd38b1fd9f95f7b6a5,1984-08-13T08:56:45.888Z,41,2015-11-19T15:46:04.017Z,10,917-445-580,607-483-910,DNI,47443518-J,https://randomuser.me/api/portraits/men/19.jpg,https://randomuser.me/api/portraits/med/men/19.jpg,https://randomuser.me/api/portraits/thumb/men/19.jpg,ES
male,Mr,Blagoje,Nikolić,9097,Blačka,Novi Bečej,Zaječar,Serbia,21253,-59.3383,-91.7340,0:00,"Western Europe Time, London, Lisbon, Casablanca",blagoje.nikolic@example.com,b612ea4e-6e81-4a42-8225-4f2b0e15de74,crazycat390,wallet,odbptr6M,7fb1bc6670c78cb09411ceefa3cd4099,c6a346779d291d8dd809e96eae95c989c642fadf,85870fe2dc06c68aa57ba45bfea53766ea2fc608da840ba26c823331be0aa17a,1994-06-25T17:17:13.753Z,31,2003-01-13T23:45:34.820Z,22,033-8790-158,066-0015-761,SID,042545148,https://randomuser.me/api/portraits/men/10.jpg,https://randomuser.me/api/portraits/med/men/10.jpg,https://randomuser.me/api/portraits/thumb/men/10.jpg,RS
male,Mr,Amaury,Picard,7381,Rue de L'Abbé-Roger-Derry,Montpellier,Essonne,France,55677,78.1508,158.8944,+7:00,"Bangkok, Hanoi, Jakarta",amaury.picard@example.com,28c72203-775f-4a60-a168-2bf86a043c9f,organictiger261,housewifes,itkUsYgA,63d98776420eb7229eb3e34e6461c858,ab52fb6f550c019dca346dd3519f1a6db1c3c7cc,4e68de4016c23608740753393625bcb0b0b304296ebd2f4314ceda214e41554d,1955-08-26T15:37:30.759Z,70,2009-01-25T04:26:05.481Z,16,02-85-84-74-40,06-88-36-98-08,INSEE,1550728771601 40,https://randomuser.me/api/portraits/men/92.jpg,https://randomuser.me/api/portraits/med/men/92.jpg,https://randomuser.me/api/portraits/thumb/men/92.jpg,FR
male,Mr,John,Mills,5348,Pearse Street,Navan,Roscommon,Ireland,29774,-38.7177,26.6139,+5:00,"Ekaterinburg, Islamabad, Karachi, Tashkent",john.mills@example.com,be4dcc37-c115-4046-ad44-51594cc83330,silverswan794,harvest,2fA0D336,a3d6109cb991402723be85a1c291025f,c70d125e9500f93954b2262865c0669ccd7a0e57,524342ff246dbd36810480d6b69777566a1dd0f198e3f4231dfdef9737cadd01,1994-09-06T14:52:18.617Z,31,2010-05-08T05:00:04.622Z,15,011-675-7571,081-942-8799,PPS,9853285T,https://randomuser.me/api/portraits/men/21.jpg,https://randomuser.me/api/portraits/med/men/21.jpg,https://randomuser.me/api/portraits/thumb/men/21.jpg,IE
female,Miss,Michelle,Kugler,4663,Schulweg,Esslingen,Mecklenburg-Vorpommern,Germany,56293,67.3298,-42.8051,+11:00,"Magadan, Solomon Islands, New Caledonia",michelle.kugler@example.com,0dc57cf2-0126-4f60-b581-ca467282bfa1,greenfrog145,driver,kJSnJCkH,d66cc72c840d0a076b28299459233b1c,3aa038af58edae964aa67e37ca3301eabdfe4e02,446526ac01353d90b62abef3cf9335c9891c2b0caf0d0869dee7447e9404b93e,1953-08-05T09:55:15.240Z,72,2003-12-26T22:37:29.183Z,22,0498-5740940,0171-1246860,SVNR,46 050853 K 507,https://randomuser.me/api/portraits/women/76.jpg,https://randomuser.me/api/portraits/med/women/76.jpg,https://randomuser.me/api/portraits/thumb/women/76.jpg,DE
female,Mademoiselle,Julia,Leclercq,923,Rue Duguesclin,Iseltwald,Zürich,Switzerland,7708,17.1242,133.2614,-3:30,Newfoundland,julia.leclercq@example.com,33e74133-b551-4cd6-ac9f-33430f062f8b,lazyostrich946,mortgage,4CHLIzgL,9ab440c357cc14f69d7f2360e6ea54fe,dbea7de3f23f726dd6b38260567db278e51efe8d,30dc76326918a70a97b1ee57c84f55c2a5016bb5faa9949c7ddb42349e91e604,1964-10-08T02:48:59.708Z,61,2005-11-29T18:12:34.513Z,20,075 411 50 61,076 515 47 55,AVS,756.2997.4834.91,https://randomuser.me/api/portraits/women/41.jpg,https://randomuser.me/api/portraits/med/women/41.jpg,https://randomuser.me/api/portraits/thumb/women/41.jpg,CH
male,Mr,Jayden,Bailey,2929,James St,Louisville,Colorado,United States,23930,-35.8805,-45.5264,+8:00,"Beijing, Perth, Singapore, Hong Kong",jayden.bailey@example.com,2e44be93-0fba-4c4b-b072-afca601331b1,yellowkoala132,thuglife,hsoXxtSP,e0d9b33b013e6a61b71795f7f10bd5c8,2424b1b4194f9ebd338ba9c119a43fc5887585f8,2ccec7c82ec5c6722b57ef15b04859b5816c8652eb600aa58a466f6352235877,1992-02-27T09:47:40.961Z,33,2005-04-13T10:17:44.004Z,20,(614) 694-0129,(753) 851-9936,SSN,027-25-3025,https://randomuser.me/api/portraits/men/38.jpg,https://randomuser.me/api/portraits/med/men/38.jpg,https://randomuser.me/api/portraits/thumb/men/38.jpg,US
male,Mr,Dustin,Kelly,5689,Adams St,Australian Capital Territory,Victoria,Australia,3706,1.1224,-165.3056,+1:00,"Brussels, Copenhagen, Madrid, Paris",dustin.kelly@example.com,cb142846-a900-478d-b90f-5325a9d46783,blackrabbit830,dancing,DljDjmW8,987581afa861388c7c6f86cdfdc751a0,0b067e72e8b6cb7adc4e42e858d7a93a03736184,da14bcf048b97e28ddf863e71342ebc900aece5ac7df1395ec85448f0a14e759,1987-03-12T03:30:58.639Z,38,2020-02-27T02:55:33.925Z,5,00-5145-8143,0402-528-818,TFN,934978316,https://randomuser.me/api/portraits/men/33.jpg,https://randomuser.me/api/portraits/med/men/33.jpg,https://randomuser.me/api/portraits/thumb/men/33.jpg,AU
male,Mr,Mladen,Tešić,5601,Sretena Stojanovića,Kragujevac,Kosovo,Serbia,22396,-44.9557,49.4594,+7:00,"Bangkok, Hanoi, Jakarta",mladen.tesic@example.com,84dee1ca-0d4b-4cd8-894b-ecfac936f56e,ticklishpanda997,zzzzz,oeyUCJ9n,6b4e9a8c7e29e4b8b01287f9926e9edd,5ab511acac4dd9b5481f503e18942cd28b0090d3,3b66923c7e52f3b39185ab30e73917487b47df1a85dae47db447fb09ee980930,1989-06-13T08:59:14.016Z,36,2007-11-27T20:09:45.194Z,18,014-9132-481,061-2439-578,SID,313454219,https://randomuser.me/api/portraits/men/71.jpg,https://randomuser.me/api/portraits/med/men/71.jpg,https://randomuser.me/api/portraits/thumb/men/71.jpg,RS
male,Mr,Augustin,Chevalier,6408,Rue Louis-Blanqui,Rennes,Guadeloupe,France,59298,-54.8552,-42.6031,-9:00,Alaska,augustin.chevalier@example.com,47592885-7fbd-4ba5-a6f3-713e5af63dcf,organickoala168,backup,0o62YU7I,3d5dfca935c7e5ad6b7db24fb4a0d2c6,e07ae00614f9ff87d3d72433cc3889a7fdce0b89,7c5568f7ca7a9be2d2304930659188e44425e8ab970044afd4bc2b3e3c906f28,1950-04-07T20:02:42.702Z,75,2003-03-17T10:16:13.186Z,22,05-33-19-87-26,06-16-49-47-10,INSEE,1500305004898 81,https://randomuser.me/api/portraits/men/27.jpg,https://randomuser.me/api/portraits/med/men/27.jpg,https://randomuser.me/api/portraits/thumb/men/27.jpg,FR
male,Mr,Henry,Armstrong,2147,Robinson Rd,Atlanta,New Jersey,United States,95439,-2.2443,-151.5159,-3:30,Newfoundland,henry.armstrong@example.com,a16c19e5-074f-4872-8360-ca0c3194ed01,happypeacock117,killme,o9ksMWWr,8e63697246d7f1207744687df5e51102,c690912548b90748ca236bbafd79d8f28192e15d,62538834d9a47278b3dc08b93e4827ae28474294cc007a3ea1b80b12e07bcb71,1992-12-12T15:27:02.002Z,33,2010-04-27T08:21:47.754Z,15,(799) 585-3011,(831) 549-2730,SSN,790-44-6240,https://randomuser.me/api/portraits/men/70.jpg,https://randomuser.me/api/portraits/med/men/70.jpg,https://randomuser.me/api/portraits/thumb/men/70.jpg,US
male,Mr,Charles,Lefevre,6221,Rue de L'Abbaye,Créteil,Somme,France,53475,64.9259,-95.1171,+5:45,Kathmandu,charles.lefevre@example.com,55fa9f9c-039a-4428-98c3-f47016459612,happypeacock280,chipmunk,w8BO3RnE,bfa13863710cb38ea81051b32d306526,12bf97c873e54cf7802d838397a6cdb8cf7c7b0e,0c8bd556f8cf6807633fc3883f36f23b64dc3c46db82bdfc1a358160ec4b96ad,1962-06-13T03:56:40.643Z,63,2015-07-30T10:08:55.795Z,10,05-55-93-61-37,06-02-54-83-30,INSEE,1620528497149 92,https://randomuser.me/api/portraits/men/65.jpg,https://randomuser.me/api/portraits/med/men/65.jpg,https://randomuser.me/api/portraits/thumb/men/65.jpg,FR
male,Mr,Mads,Pedersen,9656,Helsingevej,Rødvig Stevns,Danmark,Denmark,64870,-74.6115,-83.3355,+9:00,"Tokyo, Seoul, Osaka, Sapporo, Yakutsk",mads.pedersen@example.com,8b566ffd-509d-4310-9f1e-ab6b17b7ac34,bigwolf475,honolulu,drm9TvzV,bc6e4b770a889f6f6d21af341b06c3c3,6640bf9fb493fe74c5c2ba7574a3090975b5ac1d,063a226ef8df2321f100047a5e45bc5181037c3a2f5212f8feb18bf686e0fd79,1967-03-03T02:00:50.344Z,58,2008-06-23T05:01:46.673Z,17,06497144,13441093,CPR,020367-2640,https://randomuser.me/api/portraits/men/14.jpg,https://randomuser.me/api/portraits/med/men/14.jpg,https://randomuser.me/api/portraits/thumb/men/14.jpg,DK
female,Mrs,Eden,Charles,3261,Avenue Debrousse,Rueil-Malmaison,Creuse,France,87328,14.8574,142.1794,+11:00,"Magadan, Solomon Islands, New Caledonia",eden.charles@example.com,8d54c403-3bd4-438d-861a-9afbe28ca38c,tinypanda935,marines,WIRxYklF,aaa9df32a44c42406d9b906dcbc931b9,56df62c5e4dc7decd5fd15c795a19a9a3406133a,1dda829c47a1f3e8a1f72e29cf51117241f8996f07ae1fe8f5235e7b12f1ef06,1945-10-12T18:15:02.365Z,80,2007-05-13T18:41:55.543Z,18,02-46-16-67-33,06-44-87-11-23,INSEE,2450901611538 90,https://randomuser.me/api/portraits/women/16.jpg,https://randomuser.me/api/portraits/med/women/16.jpg,https://randomuser.me/api/portraits/thumb/women/16.jpg,FR
male,Mr,Carter,Bergeron,5985,West Ave,Russell,Saskatchewan,Canada,X9O 3T2,11.2816,-98.4250,-1:00,"Azores, Cape Verde Islands",carter.bergeron@example.com,2e4a2249-d609-4f3a-ab2b-1c7d76739885,crazybear532,thedoors,YxpF9IqX,3ff98327af4f498c8eb1f0797f8f46a1,f260f10f323cc042ccb86ad93492b47b8a795dca,532dabb97cc3f409f42aa4dccf3b2fad6ff3f3efca8fbe583bbd68f096f7c6bd,2000-02-11T07:15:30.925Z,25,2013-11-18T22:39:13.754Z,12,S36 R96-5439,X43 T91-2271,SIN,691439368,https://randomuser.me/api/portraits/men/9.jpg,https://randomuser.me/api/portraits/med/men/9.jpg,https://randomuser.me/api/portraits/thumb/men/9.jpg,CA
male,Mr,Pratyush,Dalvi,2347,Colaba Causeway,Rohtak,Odisha,India,17269,-32.7414,-61.4095,+4:30,Kabul,pratyush.dalvi@example.com,8152aa4c-133f-4b81-ab73-ba9d2e46f0c6,redelephant351,singer,rgxcK3R5,25143a3cb058b5044fe0779f4910e2ef,ca3035ba91b7bcdb53cde07836fbec71b3947de0,e03035f5332c7fde5252c1a7ec76d7a97165c921fd1165732141d0429f69ab66,1950-02-18T12:43:58.143Z,75,2019-08-07T11:08:38.862Z,6,9364349507,7787605243,UIDAI,216096350307,https://randomuser.me/api/portraits/men/71.jpg,https://randomuser.me/api/portraits/med/men/71.jpg,https://randomuser.me/api/portraits/thumb/men/71.jpg,IN
male,Mr,Justin,Novak,9537,Arctic Way,Deer Lake,Newfoundland and Labrador,Canada,W9K 8Z6,-7.8532,102.5854,+3:30,Tehran,justin.novak@example.com,adae4093-d739-4211-870d-9a0da0186203,yellowduck822,pickles,rlhDANcj,7024e37408b5bb11e8d2b4edc2cfc1f2,ff1cf1e3877ff8a86b36e68dc8222f3bbcd049d4,faf6c1dcc924afa124c74627ff2704012edd3d2440f20351a83b5b70641a0605,1986-01-10T05:33:01.678Z,39,2007-07-02T14:09:59.325Z,18,N87 U01-9328,H05 M39-5561,SIN,080910227,https://randomuser.me/api/portraits/men/31.jpg,https://randomuser.me/api/portraits/med/men/31.jpg,https://randomuser.me/api/portraits/thumb/men/31.jpg,CA
female,Ms,Sophia,Morin,7196,Park Rd,Armstrong,Newfoundland and Labrador,Canada,D7Q 5Z6,17.7561,4.6054,+8:00,"Beijing, Perth, Singapore, Hong Kong",sophia.morin@example.com,1e243a42-909e-494b-9f11-5ca1ad51bcbf,silverzebra234,foot,cCEGEVLk,67af6d7b32a7f2c5e7dca6dae1a3002a,02a11d4dcbc3c79b14a14218f9823fa15db1216d,5ac1d3ac2bc922c787d2a585b65ddea91cb5e09c37fcfc0d2675edc42f9bb8e2,1972-01-28T19:29:14.838Z,53,2002-05-14T04:38:05.565Z,23,X08 O58-1069,F78 J58-5470,SIN,925800013,https://randomuser.me/api/portraits/women/53.jpg,https://randomuser.me/api/portraits/med/women/53.jpg,https://randomuser.me/api/portraits/thumb/women/53.jpg,CA
male,Mr,Abelardo,Carvalho,2758,Rua Dois,Umuarama,Paraíba,Brazil,90993,-72.4173,140.5566,+8:00,"Beijing, Perth, Singapore, Hong Kong",abelardo.carvalho@example.com,daf2b296-eb33-4fe9-a28c-503d8351e45f,yellowlion358,3000gt,Hd3DHxh5,5e4dae5c0956f48593105dd287c7e734,962539bf9757c564f8ee0834a08c05c0e1927854,7b7caf876a2bb82a9851a138f760931ac2f153e376f1742dc024ace12b97ffa9,1959-11-07T08:58:36.513Z,66,2010-05-31T08:29:12.674Z,15,(08) 5080-8044,(53) 4621-5750,CPF,005.211.473-34,https://randomuser.me/api/portraits/men/81.jpg,https://randomuser.me/api/portraits/med/men/81.jpg,https://randomuser.me/api/portraits/thumb/men/81.jpg,BR
female,Ms,Megan,Kelly,6675,Jones Road,Donabate,Cavan,Ireland,82117,55.4005,-13.5764,-6:00,"Central Time (US & Canada), Mexico City",megan.kelly@example.com,969fab83-4b50-4c91-bf3f-0a220a059a71,heavyrabbit554,titten,TnxsAX1V,7635d7bc4913f204ad9552e8d8195f48,d106e5c20a9e97c3fc20c73034dc2046296b9d33,e7798589256b639841e674dac42d507f683526a4f0497f711f13da0e54efff77,1954-03-09T03:58:46.566Z,71,2004-02-18T14:39:20.369Z,21,021-433-0917,081-494-0631,PPS,9008904T,https://randomuser.me/api/portraits/women/56.jpg,https://randomuser.me/api/portraits/med/women/56.jpg,https://randomuser.me/api/portraits/thumb/women/56.jpg,IE
male,Mr,Sales,Nogueira,4622,Rua Pará ,Gravataí,Roraima,Brazil,44229,65.1259,124.9865,-6:00,"Central Time (US & Canada), Mexico City",sales.nogueira@example.com,36df32e7-0ee3-47dd-b694-78cd17f2999e,smallbird366,surf,rtiCdcww,3eca39f04ef32709ec1396273d67cafe,bc9f677c6ec6fbbc2e578c4600d6e6c4fee94956,eadeaac4be93496be5c5bf6f6c3c532fc4de23bbc1bb69393f10cdb8ca694595,1973-03-23T23:02:16.011Z,52,2020-06-04T13:33:39.491Z,5,(31) 3784-2463,(90) 5476-6201,CPF,266.201.926-35,https://randomuser.me/api/portraits/men/40.jpg,https://randomuser.me/api/portraits/med/men/40.jpg,https://randomuser.me/api/portraits/thumb/men/40.jpg,BR
male,Mr,Gremislav,Komarenko,1752,VM1230:14 Troyicka,Kozyatin,Odeska,Ukraine,89931,86.0836,24.7177,-12:00,"Eniwetok, Kwajalein",gremislav.komarenko@example.com,b359c21b-a33c-4678-9d01-b6d4f217c675,bluebird467,bp2002,4axRG3sy,92748e23832eb1c4e89e060603b56ac5,c5e9a705ceb094a511e1cc9a8aa1a7ebd6f74e42,57ca8cdd2eb50ef4f72506e7444176232895684102b5380428de60331ac7600c,1960-10-08T22:04:04.655Z,65,2011-06-13T20:13:55.407Z,14,(098) D92-4595,(096) E59-4103,,,https://randomuser.me/api/portraits/men/64.jpg,https://randomuser.me/api/portraits/med/men/64.jpg,https://randomuser.me/api/portraits/thumb/men/64.jpg,UA
male,Mr,Aaron,Faure,5923,Avenue Jean-Jaurès,Nîmes,Indre,France,51426,7.5587,-113.2281,+6:00,"Almaty, Dhaka, Colombo",aaron.faure@example.com,d6d3077e-18f2-4300-b54e-9f425e01d6db,brownbird968,darius,ChzJPhPA,6c441dfc03fad993bbcfd8ef4d174109,a035bb76219e056b7d785f5a6cfc4dd4dd2de0e3,5d1a6b2c8e79a3d565c5b33dba4ef83adc5967420b0335957a6d107dbe7c5e90,1993-10-15T08:44:57.575Z,32,2008-10-26T04:50:11.069Z,17,04-99-96-32-15,06-39-04-29-42,INSEE,1930993906372 06,https://randomuser.me/api/portraits/men/43.jpg,https://randomuser.me/api/portraits/med/men/43.jpg,https://randomuser.me/api/portraits/thumb/men/43.jpg,FR
male,Mr,Ryan,Singh,3822,Pine Rd,Lafontaine,Nunavut,Canada,A7J 3Y1,80.2191,-179.1415,-2:00,Mid-Atlantic,ryan.singh@example.com,28e90019-ca30-4748-a827-d640ccb98482,organicbird646,cactus,OptV0AYb,2096d87dc6b84b225c599c26aeeb5776,dc125c788555e175fa9ad5c267df7795ceb8e7f3,eb024bf38f9668626f557d06b7f5c888efc06a29391944c90b4d3784438538a1,1997-04-14T19:45:33.272Z,28,2012-08-29T10:23:53.380Z,13,L38 A00-8919,D92 O68-0439,SIN,730359742,https://randomuser.me/api/portraits/men/3.jpg,https://randomuser.me/api/portraits/med/men/3.jpg,https://randomuser.me/api/portraits/thumb/men/3.jpg,CA
female,Ms,Lina,Kolcunyak,4517,Yuhima Sicinskogo,Bokovo-Hrustalne,Zaporizka,Ukraine,54836,-34.6165,-116.8577,+1:00,"Brussels, Copenhagen, Madrid, Paris",lina.kolcunyak@example.com,c4c1679e-235e-45c9-87b6-60ee59ed0d3d,greenostrich294,eclipse1,dMneObH1,4f1b40a15b7a1755700e03369d76f82c,5de7c01d927e69942847060375da7469f46180be,265453ea4b2cdbd9efdc000939b72dd409ef5082ee6e8912684072f9fed5c08e,1958-04-21T21:27:59.322Z,67,2009-09-15T10:07:27.863Z,16,(099) N88-9063,(099) W73-1499,,,https://randomuser.me/api/portraits/women/2.jpg,https://randomuser.me/api/portraits/med/women/2.jpg,https://randomuser.me/api/portraits/thumb/women/2.jpg,UA
male,Mr,سپهر,كامياران,2716,دکتر لواسانی,تهران,مازندران,Iran,13620,43.2063,105.9551,-12:00,"Eniwetok, Kwajalein",sphr.kmyrn@example.com,2a128589-a8aa-4c3d-96f7-ede6cdce631a,purplemouse853,nylons,dkjGsUBv,245dc94ea5602aa066ec85070fb06945,7698c8e4543103b24f32c10fda3d675c6cb07b53,f996f76e1705eefc9e6fbd97197648ec98f022caeee5330edb09e37b796f0ead,1994-04-23T02:28:19.214Z,31,2012-02-19T15:21:54.331Z,13,067-04091992,0962-114-0616,,,https://randomuser.me/api/portraits/men/66.jpg,https://randomuser.me/api/portraits/med/men/66.jpg,https://randomuser.me/api/portraits/thumb/men/66.jpg,IR
male,Mr,Ignjat,Ivkov,2996,Jovana Sušića,Žagubica,Moravica,Serbia,51877,41.5518,29.0419,+7:00,"Bangkok, Hanoi, Jakarta",ignjat.ivkov@example.com,b8b1f63c-cffe-4d85-bd93-9b72f7e37829,whitebutterfly406,marlon,0YbCBfmk,eb5fb79379a3e5acd0d1a38f1c4db125,499451e6c5e3362be8d21bac24d88a3a02e423ef,6ab7d0bca26b7f1872588b18eb9d0479d5e1604616a979f9926f0ce84ae391bc,1955-01-11T15:43:54.627Z,70,2008-11-03T07:09:26.298Z,17,018-3146-773,065-2210-673,SID,806929176,https://randomuser.me/api/portraits/men/87.jpg,https://randomuser.me/api/portraits/med/men/87.jpg,https://randomuser.me/api/portraits/thumb/men/87.jpg,RS
male,Mr,Gerardo,Gutiérrez,2756,Peatonal Querétaro,Doctor González,Aguascalientes,Mexico,73771,37.8148,-99.3664,+1:00,"Brussels, Copenhagen, Madrid, Paris",gerardo.gutierrez@example.com,97284550-21c7-4ec9-860f-601247ada070,silvercat999,cigar,CuqHdeoo,312ec2633e09280e7473aa7e8c9be61e,9a58290affe7e8135a6a4faf5fda342987a0cc33,9c7f4801b28cb22720583aa9095fd9b0358b0e8a8349d1291825ec350a7c7a47,1946-04-02T04:02:59.658Z,79,2005-03-01T22:09:10.249Z,20,(604) 504 3460,(610) 871 4079,NSS,86 95 99 5921 4,https://randomuser.me/api/portraits/men/56.jpg,https://randomuser.me/api/portraits/med/men/56.jpg,https://randomuser.me/api/portraits/thumb/men/56.jpg,MX
